{
  "hash": "3dfb555a",
  "configHash": "5560db95",
  "lockfileHash": "e0ae43af",
  "browserHash": "14b63f7b",
  "optimized": {
    "@angular/core": {
      "src": "../../../../../node_modules/@angular/core/fesm2022/core.mjs",
      "file": "@angular_core.js",
      "fileHash": "2f3ae1be",
      "needsInterop": false
    },
    "@angular/platform-browser": {
      "src": "../../../../../node_modules/@angular/platform-browser/fesm2022/platform-browser.mjs",
      "file": "@angular_platform-browser.js",
      "fileHash": "3681d96c",
      "needsInterop": false
    },
    "@angular/router": {
      "src": "../../../../../node_modules/@angular/router/fesm2022/router.mjs",
      "file": "@angular_router.js",
      "fileHash": "1b2b7e0d",
      "needsInterop": false
    },
    "@angular/forms": {
      "src": "../../../../../node_modules/@angular/forms/fesm2022/forms.mjs",
      "file": "@angular_forms.js",
      "fileHash": "d5b805e7",
      "needsInterop": false
    }
  },
  "chunks": {
    "chunk-SIRQH2QH": {
      "file": "chunk-SIRQH2QH.js"
    },
    "chunk-W7YO4EVS": {
      "file": "chunk-W7YO4EVS.js"
    },
    "chunk-IMHRZ32E": {
      "file": "chunk-IMHRZ32E.js"
    }
  }
}