{
  "openapi": "3.0.0",
  "info": {
    "title": "Highscore Application API",
    "version": "1.0.0",
    "description": "API for user registration, login, and viewing highscore list"
  },
  "paths": {
    "/register": {
      "post": {
        "summary": "Register a new user",
        "requestBody": {
          "content": {
            "application/json": {
              "schema": {
                "$ref": "#/components/schemas/UserRegistration"
              }
            }
          }
        },
        "responses": {
          "201": {
            "description": "User registered successfully",
            "content": {
              "application/json": {
                "schema": {
                  "$ref": "#/components/schemas/User"
                }
              }
            }
          },
          "400": {
            "description": "Invalid input"
          }
        }
      }
    },
    "/login": {
      "post": {
        "summary": "Login an existing user",
        "requestBody": {
          "content": {
            "application/json": {
              "schema": {
                "$ref": "#/components/schemas/UserLogin"
              }
            }
          }
        },
        "responses": {
          "200": {
            "description": "User logged in successfully",
            "content": {
              "application/json": {
                "schema": {
                  "type": "object",
                  "properties": {
                    "token": {
                      "type": "string"
                    }
                  }
                }
              }
            }
          },
          "401": {
            "description": "Invalid credentials"
          }
        }
      }
    },
    "/highscores": {
      "get": {
        "summary": "Get the highscore list",
        "security": [
          {
            "bearerAuth": []
          }
        ],
        "responses": {
          "200": {
            "description": "Highscore list retrieved successfully",
            "content": {
              "application/json": {
                "schema": {
                  "type": "array",
                  "items": {
                    "$ref": "#/components/schemas/Highscore"
                  }
                }
              }
            }
          },
          "401": {
            "description": "Unauthorized"
          }
        }
      }
    }
  },
  "components": {
    "schemas": {
      "UserRegistration": {
        "type": "object",
        "properties": {
          "name": {
            "type": "string"
          },
          "email": {
            "type": "string"
          },
          "password": {
            "type": "string"
          }
        },
        "required": ["name", "email", "password"]
      },
      "UserLogin": {
        "type": "object",
        "properties": {
          "email": {
            "type": "string"
          },
          "password": {
            "type": "string"
          }
        },
        "required": ["email", "password"]
      },
      "User": {
        "type": "object",
        "properties": {
          "id": {
            "type": "string"
          },
          "name": {
            "type": "string"
          },
          "email": {
            "type": "string"
          }
        }
      },
      "Highscore": {
        "type": "object",
        "properties": {
          "userId": {
            "type": "string"
          },
          "score": {
            "type": "integer"
          },
          "date": {
            "type": "string",
            "format": "date-time"
          }
        }
      }
    },
    "securitySchemes": {
      "bearerAuth": {
        "type": "http",
        "scheme": "bearer",
        "bearerFormat": "JWT"
      }
    }
  }
}